{"cameraMode":{"drawMode":0,"name":"Shaded","section":"Shading Mode"},"sceneLighting":true,"audioPlay":false,"sceneViewState":{"m_AlwaysRefresh":false,"showFog":true,"showSkybox":true,"showFlares":true,"showImageEffects":true,"showParticleSystems":true,"showVisualEffectGraphs":true,"m_FxEnabled":true},"in2DMode":false,"pivot":{"x":338.09246826171877,"y":30.99207878112793,"z":124.10845184326172},"rotation":{"x":0.33300772309303286,"y":-0.22139251232147218,"z":0.08000679314136505,"w":0.9132322072982788},"size":15.920119285583496,"orthographic":false}